SEQUENCE,atom count,asymmetric atom count,rotatable bond count,ring count,aromatic ring count,hetero ring count,the van der waals volume,minimal projection surface area,maximal projection surface area,minimal projection radius,maximal projection radius,van der waals surface area,solvent accessible surface area,polar surface area,polarizability,H-bond donor count,H-bond acceptor count,partition coefficient (logP),logD,HLB,Intrinsic solubility,refractivity
TKAVEHLDDLPGALSELSDL,300, 20,70,2,1,2, 1941.11,248.03,419.93,12.32,21.82, 3170.82, 2756.61, 909.32, 202.46, 30,37, ‐9.83,-27.64, 120.78, 8.84 , 512.75
FFTPVLQADFQKVVAGVANALAHRYH,410, 26,89,7,6,3, 1941.11,3,3,3,3, 4296.32, 3349.73, 1134.34, 289.35, 38,41, ‐8.86,-13.35, 162.84, 26.16 , 749.72
RYH,64, 3,13,2,2,1, 422.88,69.36,125.29,6.13,9.94, 669.78, 694.62, 232.33, 47.02, 9,10, ‐1.64,-3.86, 31.34, -2.80 , 132.11
RHRHCFSQSHKFVGACLRESNCENVCKTEGFPSGECKWHGIVSKCHCKRIC,792, 50,196,11,10,7, 5229.40,609.14,988.88,21.27,31.25, 8361.67, 7107.97, 2446.27, 573.11, 95,92, ‐33.51,-40.09, 340.10, 197.63 , 1504.72
RYCLSQSHRFKGLCMSSSNCANVCQTENFPGGECKADGATRKCFCKKIC,729, 48,183,6,5,2, 4828.28,585.54,895.74,20.25,22.88, 7688.43, 5940.43, 2285.00, 524.74, 88,85, ‐34.58,-41.78, 340.93, 165.56 , 1369.67
RGGLCYCRGRFCVCVGR,259, 13,61,2,2,0, 1709.86,180.77,444.89,10.48,25.35, 2732.86, 2602.10, 796.75, 188.27, 35,32, ‐8.85,-18.25, 120.98, 3.93 , 526.77
FVDLKKIANIINSIF,258, 19,59,2,2,0, 1709.86,0,0,0,0, 2692.96, 2084.78, 666.47, 176.61, 22,24, ‐2.16,-7.16, 102.89, -1.84 , 446.87
DCYCRIPACIAGERRYGTCIYQGRLWAFCC,469, 31,107,7,6,2, 3120.43,422.50,585.57,17.20,18.33, 4954.44, 4227.56, 1360.43, 345.45, 56,53, ‐10.99,-19.21, 193.94, 48.54 , 926.38
GILDTLKQFAKGVGKWLVKGAAQ,358, 21,84,3,3,1, 2283.23,297.74,430.22,12.59,18.01, 3737.00, 2836.03, 967.10, 246.28, 33,34, ‐8.50,-18.27, 153.65, 13.64 , 622.47
TLKQFAKGVGKWLVK,256, 14,59,3,3,1, 1621.81,199.78,362.76,11.89,16.43, 2658.93, 2376.78, 653.91, 177.46, 23,23, ‐3.85,-14.00, 107.37, -0.07 , 447.16
KLKLLLKLK,182, 9,43,0,0,0, 1110.43,172.46,241.61,9.79,13.06, 1867.55, 1841.18, 400.20, 118.07, 14,15, 0.87,-9.66, 70.64, -6.49 , 296.49
KLKLLLLKLK,201, 10,47,0,0,0, 1227.40,161.41,280.91,9.08,13.59, 2064.15, 1982.79, 429.30, 130.34, 15,16, 1.59,-8.94, 74.79, -6.89 , 327.46
LLPKLKGLLFKL,221, 11,48,2,1,1, 1370.10,199.73,280.76,9.41,13.78, 2286.80, 2084.16, 452.69, 147.48, 15,17, 2.01,-5.96, 78.83, -6.77 , 372.56
KLLLPKLKGLLFKL,261, 13,58,2,1,1, 1615.09,212.00,377.03,12.08,19.68, 2697.35, 2215.31, 536.91, 173.54, 18,20, 2.06,-8.47, 92.92, -4.74 , 438.14
LLKLLLPKLKGLLFKL,299, 15,66,2,1,1, 1845.97,204.40,392.97,9.33,18.24, 3090.42, 2587.93, 595.11, 198.07, 20,22, 3.49,-7.03, 101.27, -3.47 , 500.08
DKPKKKPPPPAGPPPPPPPPPGPPPPGP,397, 25,54,19,0,19, 2502.51,281.90,490.46,11.80,18.23, 4064.75, 2812.17, 823.39, 272.12, 15,36, ‐12.76,-22.84, 163.71, 26.02 , 695.42
KFFRKLAKSVKKAAKEFFKKPRVIGVSIPF,525, 31,121,7,5,2, 3325.63,338.83,662.18,13.15,26.68, 5426.43, 4522.42, 1299.36, 362.62, 46,50, ‐6.62,-20.32, 204.14, 49.37 , 943.18
HSSGYTRPLRKPSRPIFIRPIG,367, 24,77,7,3,5, 2337.65,288.98,470.63,13.48,16.90, 3788.13, 3208.42, 1042.71, 252.39, 38,43, ‐11.61,-23.48, 145.64, 18.28 , 689.80
GGLRSLGRKILRAWKKYGPIIVPIIRIG,474, 29,105,5,3,3, 2978.64,244.36,644.89,10.84,27.40, 4898.03, 3942.66, 1213.35, 321.66, 45,47, ‐6.70,-23.39, 179.36, 31.28 , 861.52
VQLRIRVAVIRA,214, 14,47,0,0,0, 1336.00,216.80,267.13,10.96,13.11, 2204.01, 1942.30, 612.21, 140.84, 23,24, ‐3.79,-11.13, 88.05, -4.17 , 391.51
RWKRWWRRKK,230, 10,53,6,6,3, 1463.72,179.58,324.23,9.95,14.13, 2350.37, 2156.56, 698.25, 168.61, 29,27, ‐4.18,-20.87, 92.20, -0.01 , 468.93
KFFRKLKKSVKKRAKKFFKKPRVIGVSIPF,554, 31,130,7,5,2, 3484.54,383.25,639.64,14.25,22.56, 5702.21, 4645.92, 1376.00, 380.97, 50,53, ‐7.44,-24.32, 217.80, 56.11 , 1000.44
RFGRFLRKIRRFRPKVTITIQGSARF,472, 29,109,5,4,1, 2997.78,383.81,686.57,16.73,23.91, 4856.82, 3240.33, 1371.15, 325.01, 53,55, ‐12.20,-28.31, 187.99, 39.03 , 908.25
RVKRFWPLVPVAINTVAAGINLYKAIRRK,499, 32,108,6,4,3, 3157.63,413.52,543.35,15.26,17.44, 5155.23, 4129.30, 1328.63, 342.33, 48,50, ‐8.37,-25.06, 194.97, 40.70 , 914.07
LLPIVGNLLKSLLGWKRKRFG,365, 19,82,4,3,2, 2311.20,246.65,423.09,11.34,18.26, 3782.24, 3325.81, 917.50, 249.38, 33,34, ‐4.30,-16.97, 139.77, 9.90 , 653.80
LLPIVGNLLKSLLGWKRKAFG,352, 19,78,4,3,2, 2220.78,322.02,440.39,14.34,16.56, 3661.61, 3328.02, 855.60, 240.84, 30,31, ‐3.39,-13.65, 134.64, 7.34 , 620.37
LLPIVGNLLKSLLGAKRKRAG,341, 19,78,1,0,1, 2129.97,263.55,409.32,11.92,15.81, 3537.27, 3208.16, 901.71, 225.19, 32,34, ‐7.71,-20.38, 142.42, 7.53 , 593.48
FLPLIGRVLSGILGWKRKRFG,361, 19,80,5,4,2, 2286.98,294.15,485.17,13.82,20.63, 3740.90, 3342.21, 910.29, 250.01, 34,35, ‐3.72,-15.87, 134.53, 9.94 , 668.43
KLLLKLKLKLLK,241, 12,57,0,0,0, 1471.17,230.76,303.73,10.53,12.63, 2477.87, 2192.71, 513.52, 156.39, 18,19, 1.64,-11.47, 88.88, -5.51 , 393.04
KLLLKLKLKLLKGWKRKRFG,387, 18,93,3,3,1, 2406.37,266.25,493.24,11.75,21.82, 3972.72, 3511.18, 937.95, 262.22, 35,35, ‐2.46,-19.54, 147.71, 12.70 , 684.24
NSQIRPLPDKGLDLSIRDASIKIRGKWKARKNFIK,596, 38,143,5,3,3, 3787.27,391.73,743.35,13.19,29.02, 6166.46, 4915.18, 1756.51, 405.61, 62,67, ‐19.13,-25.71, 251.64, 77.89 , 1072.97
VRIHISGSSLGWLIQLFRKRIESLLQKS,481, 30,114,4,4,2, 3058.18,403.89,615.72,17.47,25.21, 5004.27, 4220.38, 1355.86, 328.26, 50,51, ‐11.64,-23.39, 184.57, 38.60 , 866.25
KWKARKNFIKGSSLGWLIQLFRKR,437, 24,104,6,6,2, 2779.79,358.00,564.20,12.92,20.90, 4523.73, 3854.90, 1206.64, 306.32, 45,44, ‐8.90,-25.78, 176.44, 28.89 , 808.61
OOOO,6, 0,1,0,0,0, 46.33,12.52,18.99,2.18,3.17, 79.41, 201.44, 58.92, 3.83, 2,4, ‐0.14,-0.15, 16.04, 0.73 , 7.83
IKWAGKLFKLFK,225, 12,51,4,4,1, 1425.94,187.62,351.38,10.49,18.31, 2337.61, 2108.33, 503.29, 159.34, 18,18, 1.33,-9.25, 84.41, -4.55 , 401.41
IKPAGKLFKLFK,215, 12,48,3,2,1, 1351.00,180.37,322.95,10.51,17.67, 2224.80, 2019.36, 478.71, 147.55, 16,18, ‐0.15,-10.74, 85.32, -4.18 , 373.39
IKWAGKWWKLFK,234, 12,51,7,7,3, 1498.42,170.71,362.19,10.64,18.41, 2430.28, 2216.26, 534.87, 173.77, 20,18, 1.93,-8.65, 83.66, -4.06 , 434.53
IOWAGOLFOLFO,285, 20,59,8,4,5, 1817.06,288.25,398.14,14.55,14.51, 2954.36, 2686.67, 565.05, 202.35, 18,22, 2.05,-0.28, 84.96, -0.72 , 516.09
IOWAGOWWOLFO,294, 20,59,11,7,7, 1888.91,235.30,370.97,10.78,17.30, 3049.93, 2712.01, 596.63, 216.75, 20,22, 2.64,0.32, 84.19, 0.53 , 549.21
IKWAGKWWKLFK,234, 12,51,7,7,3, 1498.45,199.86,362.77,11.67,16.35, 2430.28, 2216.26, 534.87, 173.77, 20,18, 1.93,-8.65, 83.66, -4.06 , 434.53
AKKVFKRLEKLFSKIQNDK,346, 20,87,2,2,0, 2194.87,308.04,445.31,15.30,16.58, 3588.46, 2943.75, 986.15, 235.43, 34,37, ‐8.55,-19.39, 150.11, 14.47 , 607.17
AKKVFKRLEKLFSKIQNWK,357, 20,87,4,4,1, 2265.88,252.91,497.22,12.82,23.55, 3693.48, 3028.42, 964.64, 247.67, 34,35, ‐6.15,-20.09, 147.33, 14.33 , 636.84
AKKVFKRLEKLFSKIWNDK,353, 20,86,4,4,1, 2245.87,240.68,498.10,11.46,25.58, 3665.46, 3193.41, 958.85, 245.17, 34,36, ‐5.63,-16.48, 143.27, 13.91 , 630.26
AKKVFKRLEKLFSKIWNWK,364, 20,86,6,6,2, 2315.28,298.72,484.63,12.54,20.75, 3771.83, 3276.04, 937.34, 257.45, 34,34, ‐3.24,-17.17, 140.50, 13.83 , 659.93
AKKVFKRLEKSFSKIQNDK,338, 20,86,2,2,0, 2153.33,251.66,426.68,11.24,17.29, 3509.88, 3050.93, 1006.38, 230.61, 35,38, ‐10.85,-21.69, 152.28, 15.38 , 595.04
AKKVSKRLEKLFSKIQNDK,337, 20,86,1,1,0, 2133.59,258.44,511.26,13.05,22.14, 3491.75, 2852.41, 1006.38, 226.59, 35,38, ‐11.25,-22.09, 152.51, 14.46 , 584.09
KWKLWKKIEKWGQGIGAVLKWLTTWL,471, 27,106,10,10,5, 3005.04,414.20,588.55,15.11,21.04, 4888.33, 4125.12, 1146.74, 338.44, 42,39, ‐1.92,-16.15, 167.49, 32.52 , 848.06
VQWRIRIAVIRA,222, 15,48,2,2,1, 1400.16,187.29,269.61,9.72,13.06, 2290.17, 2012.04, 628.00, 151.84, 24,24, ‐2.84,-10.18, 87.17, -4.03 , 418.15
VQLRIRVCVIRR,228, 14,52,0,0,0, 1434.22,189.69,293.67,9.76,15.48, 2346.99, 2072.90, 674.11, 152.45, 27,27, ‐4.65,-14.40, 94.47, -2.67 , 432.66
VQWRIRVAVIRK,230, 14,51,2,2,1, 1446.04,175.55,319.50,9.24,15.10, 2366.05, 2063.96, 654.02, 157.03, 25,25, ‐3.42,-13.36, 92.25, -2.72 , 430.86
VQLRIRVCVIRK,226, 14,52,0,0,0, 1418.27,182.43,305.28,9.86,15.58, 2330.30, 2049.23, 638.23, 150.91, 25,25, ‐3.87,-13.82, 94.06, -2.99 , 416.55
KFFKKLKNSVKKRAKKFFKKPRVIGVSIPF,545, 31,128,7,5,2, 3438.45,355.36,637.32,16.23,21.39, 5615.46, 4446.96, 1357.19, 375.52, 48,51, ‐7.98,-25.06, 218.37, 54.24 , 974.87
KFFKKLKNSVKKRAKKFFKKPRVIGVSIPF,545, 31,128,7,5,2, 3436.63,372.45,695.66,15.98,27.22, 5615.46, 4446.96, 1357.19, 375.52, 48,51, ‐7.98,-25.06, 218.37, 54.24 , 974.87
KFFKKLKKAVKKGFKKFAKV,371, 19,91,4,4,0, 2332.50,277.68,471.09,12.58,17.47, 3835.47, 3341.17, 876.42, 256.32, 31,32, ‐3.01,-20.48, 153.77, 14.58 , 647.92
KFFKKLKKAVKKGFKKFAKV,371, 19,91,4,4,0, 2330.34,291.40,479.40,12.30,17.26, 3835.47, 3341.17, 876.42, 256.32, 31,32, ‐3.01,-20.48, 153.77, 14.58 , 647.92
KWKVFKKIEKMGRNIRNGIVKAGPKWKVFKKIEK,614, 35,150,7,6,3, 3893.44,378.17,663.16,14.35,23.79, 6335.32, 4150.89, 1617.21, 426.30, 57,59, ‐11.13,-21.58, 249.82, 79.46 , 1099.21
